index,title,year,plot,genre,rating,numvotes
0,Harakiri,1962,"When a ronin requesting seppuku at a feudal lord's palace is told of the brutal suicide of another ronin who previously visited, he reveals how their pasts are intertwined - and in doing so challenges the clan's integrity.","Action,Drama,History",8.7,29900
1,Trainspotting,1996,"Renton, deeply immersed in the Edinburgh drug scene, tries to clean up and get out, despite the allure of the drugs and influence of friends.",Drama,8.1,606949
2,Unforgiven,1992,"Retired Old West gunslinger William Munny (Clint Eastwood) reluctantly takes on one last job, with the help of his old partner Ned Logan (Morgan Freeman) and a young man, The ""Schofield Kid"" (Jaimz Woolvett).","Drama,Western",8.2,353635
3,Andrei Rublev,1966,"The life, times and afflictions of the fifteenth-century Russian iconographer St. Andrei Rublev.","Biography,Drama,History",8.2,41586
4,Hachi: A Dog's Tale,2009,A college professor bonds with an abandoned dog he takes into his home.,"Drama,Family",8.1,234221
5,Inside Out,2015,"After young Riley is uprooted from her Midwest life and moved to San Francisco, her emotions - Joy, Fear, Anger, Disgust and Sadness - conflict on how best to navigate a new city, house, and school.","Animation,Adventure,Comedy",8.2,565244
6,Raiders of the Lost Ark,1981,"In 1936, archaeologist and adventurer Indiana Jones is hired by the U.S. government to find the Ark of the Covenant before","Action,Adventure",8.4,839355
7,La Haine,1995,24 hours in the lives of three young men in the French suburbs the day after a violent riot.,"Crime,Drama",8.1,136887
8,The Kid,1921,"The Tramp cares for an abandoned child, but events put that relationship in jeopardy.","Comedy,Drama,Family",8.3,103379
9,Wild Strawberries,1957,"After living a life marked by coldness, an aging professor is forced to confront the emptiness of his existence.","Drama,Romance",8.2,87839
10,The Dark Knight Rises,2012,"Eight years after the Joker's reign of anarchy, Batman, with the help of the enigmatic Catwoman, is forced from his exile to save Gotham City from the brutal guerrilla terrorist Bane.","Action,Adventure,Fantasy",8.4,1436641
11,The Big Lebowski,1998,"Jeff ""The Dude"" Lebowski, mistaken for a millionaire of the same name, seeks restitution for his ruined rug and enlists his bowling buddies to help get it.","Comedy,Crime,Sport",8.1,686968
12,Modern Times,1936,The Tramp struggles to live in modern industrial society with the help of a young homeless woman.,"Comedy,Drama,Family",8.5,201027
13,The Apartment,1960,"A man tries to rise in his company by letting its executives use his apartment for trysts, but complications and a romance of his own ensue.","Comedy,Drama,Romance",8.3,151297
14,The Great Dictator,1940,Dictator Adenoid Hynkel tries to expand his empire while a poor Jewish barber tries to avoid persecution from Hynkel's regime.,"Comedy,Drama,War",8.5,189094
15,A Separation,2011,A married couple are faced with a difficult decision - to improve the life of their child by moving to another country or to stay in Iran and look after a deteriorating parent who has Alzheimer's disease.,Drama,8.3,205593
16,The Wages of Fear,1953,"In a decrepit South American village, four men are hired to transport an urgent nitroglycerine shipment without the equipment that would make it safe.","Adventure,Drama,Thriller",8.1,50354
17,Avengers: Infinity War,2018,The Avengers and their allies must be willing to sacrifice all in an attempt to defeat the powerful Thanos before his blitz of devastation and ruin puts an end to the universe.,"Action,Adventure,Sci-Fi",8.5,743646
18,The Bandit,1996,"Baran the Bandit, released from prison after 35 years, searches for vengeance and his lover.","Crime,Drama,Thriller",8.3,58416
19,The Departed,2006,An undercover cop and a mole in the police attempt to identify each other while infiltrating an Irish gang in South Boston.,"Crime,Drama,Thriller",8.5,1117892
20,Parasite,2019,"All unemployed, Ki-taek and his family take peculiar interest in the wealthy and glamorous Parks, as they ingratiate themselves into their lives and get entangled in an unexpected incident.","Comedy,Crime,Drama",8.6,181052
21,Bicycle Thieves,1948,"In post-war Italy, a working-class man's bicycle is stolen. He and his son set out to find it.",Drama,8.3,134152
22,Casino,1995,"A tale of greed, deception, money, power, and murder occur between two best friends: a mafia enforcer and a casino executive, compete against each other over a gambling empire, and over a fast living and fast loving socialite.","Crime,Drama",8.2,433314
23,Vertigo,1958,A former police detective juggles wrestling with his personal demons and becoming obsessed with a hauntingly beautiful woman.,"Mystery,Romance,Thriller",8.3,335526
24,The Intouchables,2011,"After he becomes a quadriplegic from a paragliding accident, an aristocrat hires a young man from the projects to be his caregiver.","Biography,Comedy,Drama",8.5,707730
25,Whiplash,2014,A promising young drummer enrolls at a cut-throat music conservatory where his dreams of greatness are mentored by an instructor who will stop at nothing to realize a student's potential.,"Drama,Music",8.5,654190
26,Jurassic Park,1993,A pragmatic Paleontologist visiting an almost complete theme park is tasked with protecting a couple of kids after a power failure causes the park's cloned dinosaurs to run loose.,"Action,Adventure,Sci-Fi",8.1,812142
27,The Lord of the Rings: The Two Towers,2002,"While Frodo and Sam edge closer to Mordor with the help of the shifty Gollum, the divided fellowship makes a stand against Sauron's new ally, Saruman, and his hordes of Isengard.","Adventure,Drama,Fantasy",8.7,1403515
28,All About Eve,1950,An ingénue insinuates herself into the lives of an established but aging stage actress and her circle of theater friends.,Drama,8.2,113424
29,Ikiru,1952,A bureaucrat tries to find a meaning in his life after he discovers he has terminal cancer.,Drama,8.3,61504
30,Braveheart,1995,"When his secret bride is executed for assaulting an English soldier who tried to rape her, William Wallace begins a revolt against King Edward I of England.","Biography,Drama,History",8.3,917384
31,Saving Private Ryan,1998,"Following the Normandy Landings, a group of U.S. soldiers go behind enemy lines to retrieve a paratrooper whose brothers have been killed in action.","Drama,War",8.6,1158888
32,The Dark Knight,2008,"When the menace known as the Joker wreaks havoc and chaos on the people of Gotham, Batman must accept one of the greatest psychological and physical tests of his ability to fight injustice.","Action,Crime,Drama",9.0,2168631
33,The Deer Hunter,1978,An in-depth examination of the ways in which the U.S. Vietnam War impacts and disrupts the lives of people in a small industrial town in Pennsylvania.,"Drama,War",8.1,293887
34,Children of Heaven,1997,"After a boy loses his sister's pair of shoes, he goes on a series of adventures in order to find them. When he can't, he tries a new way to ""win"" a new pair.","Drama,Family,Sport",8.3,57743
35,"The Good, the Bad and the Ugly",1966,A bounty hunting scam joins two men in an uneasy alliance against a third in a race to find a fortune in gold buried in a remote cemetery.,Western,8.8,648477
36,Citizen Kane,1941,"Following the death of publishing tycoon Charles Foster Kane, reporters scramble to uncover the meaning of his final utterance; 'Rosebud'.","Drama,Mystery",8.3,375821
37,Ford v Ferrari,2019,"American car designer Carroll Shelby and driver Ken Miles battle corporate interference, the laws of physics and their own personal demons to build a revolutionary race car for Ford and challenge Ferrari at the 24 Hours of Le Mans in 1966.","Action,Biography,Drama",8.2,109513
38,Ran,1985,"In Medieval Japan, an elderly warlord retires, handing over his empire to his three sons. However, he vastly underestimates how the new-found power will corrupt them and cause them to turn on each other...and him.","Action,Drama",8.2,103537
39,The Gold Rush,1925,A prospector goes to the Klondike in search of gold and finds it and more.,"Adventure,Comedy,Drama",8.2,93070
40,The Lord of the Rings: The Fellowship of the Ring,2001,A meek Hobbit from the Shire and eight companions set out on a journey to destroy the powerful One Ring and save Middle-earth from the Dark Lord Sauron.,"Adventure,Drama,Fantasy",8.8,1566685
41,Fargo,1996,Jerry Lundegaard's inept crime falls apart due to his and his henchmen's bungling and the persistent police work of the quite pregnant Marge Gunderson.,"Crime,Drama,Thriller",8.1,580924
42,Pan's Labyrinth,2006,"In the Falangist Spain of 1944, the bookish young stepdaughter of a sadistic army officer escapes into an eerie but captivating fantasy world.","Drama,Fantasy,War",8.2,589289
43,The Seventh Seal,1957,"A man seeks answers about life, death, and the existence of God as he plays chess against the Grim Reaper during the Black Plague.","Drama,Fantasy",8.2,149860
44,Prisoners,2013,"When Keller Dover's daughter and her friend go missing, he takes matters into his own hands as the police pursue multiple leads and the pressure mounts.","Crime,Drama,Mystery",8.1,551917
45,Blade Runner,1982,"A blade runner must pursue and terminate four replicants who stole a ship in space, and have returned to Earth to find their creator.","Action,Sci-Fi,Thriller",8.1,653104
46,The Great Escape,1963,Allied prisoners of war plan for several hundred of their number to escape from a German camp during World War II.,"Adventure,Drama,History",8.2,211886
47,In the Mood for Love,2000,"Two neighbors, a woman and a man, form a strong bond after both suspect extramarital activities of their spouses. However, they agree to keep their bond platonic so as not to commit similar wrongs.","Drama,Romance",8.1,111692
48,City of God,2002,"In the slums of Rio, two kids' paths diverge as one struggles to become a photographer and the other a kingpin.","Crime,Drama",8.6,665604
49,Logan,2017,"In a future where mutants are nearly extinct, an elderly and weary Logan leads a quiet life. But when Laura, a mutant child pursued by scientists, comes to him for help, he must get her to safety.","Action,Drama,Sci-Fi",8.1,597588
50,Alien,1979,"After a space merchant vessel receives an unknown transmission as a distress call, one of the crew is attacked by a mysterious life form and they soon realize that its life cycle has merely begun.","Horror,Sci-Fi",8.4,742286
51,Django Unchained,2012,"With the help of a German bounty hunter, a freed slave sets out to rescue his wife from a brutal Mississippi plantation owner.","Drama,Western",8.4,1265797
52,Snatch,2000,"Unscrupulous boxing promoters, violent bookmakers, a Russian gangster, incompetent amateur robbers and supposedly Jewish jewelers fight to track down a priceless stolen diamond.","Comedy,Crime",8.3,742311
53,No Country for Old Men,2007,Violence and mayhem ensue after a hunter stumbles upon a drug deal gone wrong and more than two million dollars in cash near the Rio Grande.,"Crime,Drama,Thriller",8.1,796463
54,Eternal Sunshine of the Spotless Mind,2004,"When their relationship turns sour, a couple undergoes a medical procedure to have each other erased from their memories.","Drama,Romance,Sci-Fi",8.3,854198
55,12 Years a Slave,2013,"In the antebellum United States,","Biography,Drama,History",8.1,599937
56,Catch Me If You Can,2002,"A seasoned FBI agent pursues Frank Abagnale Jr. who, before his 19th birthday, successfully forged millions of dollars' worth of checks while posing as a Pan Am pilot, a doctor, and a legal prosecutor.","Biography,Crime,Drama",8.1,758817
57,Into the Wild,2007,"After graduating from Emory University, top student and athlete Christopher McCandless abandons his possessions, gives his entire $24,000 savings account to charity and hitchhikes to Alaska to live in the wilderness. Along the way, Christopher encounters a series of characters that shape his life.","Adventure,Biography,Drama",8.1,540490
58,Avengers: Endgame,2019,After the devastating events of,"Action,Adventure,Drama",8.5,657046
59,Aladdin,1992,A kindhearted street urchin and a power-hungry Grand Vizier vie for a magic lamp that has the power to make their deepest wishes come true.,"Animation,Adventure,Comedy",8.0,345345
60,It Happened One Night,1934,A spoiled heiress running away from her family is helped by a man who is actually a reporter in need of a story.,"Comedy,Romance",8.1,87726
61,Dial M for Murder,1954,A tennis player frames his neglected wife for murder after she inadvertently foils his plan to have her murdered.,"Crime,Thriller",8.2,146058
62,Before Sunset,2004,"Nine years after Jesse and Celine first met, they encounter each other again on the French leg of Jesse's book tour.","Drama,Romance",8.0,217342
63,The Help,2011,"An aspiring author during the civil rights movement of the 1960s decides to write a book detailing the African American maids' point of view on the white families for which they work, and the hardships they go through on a daily basis.",Drama,8.1,404465
64,Network,1976,A television network cynically exploits a deranged former anchor's ravings and revelations about the news media for its own profit.,Drama,8.1,136383
65,Mad Max: Fury Road,2015,"In a post-apocalyptic wasteland, a woman rebels against a tyrannical ruler in search for her homeland with the aid of a group of female prisoners, a psychotic worshiper, and a drifter named Max.","Action,Adventure,Sci-Fi",8.1,817267
66,Stand by Me,1986,"After the death of one of his friends, a writer recounts a boyhood journey with his friends to find the body of a missing boy.","Adventure,Drama",8.1,344340
67,The Sting,1973,Two grifters team up to pull off the ultimate con.,"Comedy,Crime,Drama",8.3,228238
68,Inglourious Basterds,2009,"In Nazi-occupied France during World War II, a plan to assassinate Nazi leaders by a group of Jewish U.S. soldiers coincides with a theatre owner's vengeful plans for the same.","Adventure,Drama,War",8.3,1178733
69,Gangs of Wasseypur,2012,"A clash between Sultan and Shahid Khan leads to the expulsion of Khan from Wasseypur, and ignites a deadly blood feud spanning three generations.","Action,Comedy,Crime",8.2,72901
70,My Neighbor Totoro,1988,"When two girls move to the country to be near their ailing mother, they have adventures with the wondrous forest spirits who live nearby.","Animation,Family,Fantasy",8.2,251297
71,The Shawshank Redemption,1994,"Two imprisoned men bond over a number of years, finding solace and eventual redemption through acts of common decency.",Drama,9.3,2185699
72,Schindler's List,1993,"In German-occupied Poland during World War II, industrialist","Biography,Drama,History",8.9,1140935
73,Your Name.,2016,"Two strangers find themselves linked in a bizarre way. When a connection forms, will distance be the only thing to keep them apart?","Animation,Drama,Fantasy",8.4,155908
74,Kill Bill: Vol. 1,2003,"After awakening from a four-year coma, a former assassin wreaks vengeance on the team of assassins who betrayed her.","Action,Crime,Thriller",8.1,943593
75,Capernaum,2018,"While serving a five-year sentence for a violent crime, a 12-year-old boy sues his parents for neglect.",Drama,8.4,36855
76,Memories of Murder,2003,"In a small Korean province in 1986, two detectives struggle with the case of multiple young women being found raped and murdered by an unknown culprit.","Action,Crime,Drama",8.1,111812
77,Batman Begins,2005,"After training with his mentor, Batman begins his fight to free crime-ridden Gotham City from corruption.","Action,Adventure,Fantasy",8.2,1238478
78,Once Upon a Time in the West,1968,A mysterious stranger with a harmonica joins forces with a notorious desperado to protect a beautiful widow from a ruthless assassin working for the railroad.,Western,8.5,283136
79,Harry Potter and the Deathly Hallows: Part 2,2011,"Harry (Daniel Radcliffe), Ron (Rupert Grint), and Hermione (Emma Watson) search for Voldemort's (Ralph Fiennes') remaining Horcruxes in their effort to destroy the Dark Lord as the final battle rages on at Hogwarts.","Adventure,Drama,Fantasy",8.1,716939
80,The Grand Budapest Hotel,2014,"The adventures of Gustave H, a legendary concierge at a famous hotel from the fictional Republic of Zubrowka between the first and second World Wars, and Zero Moustafa, the lobby boy who becomes his most trusted friend.","Adventure,Comedy,Crime",8.1,659189
81,M,1931,"When the police in a German city are unable to catch a child-murderer, other criminals join in the manhunt.","Crime,Mystery,Thriller",8.3,133572
82,How to Train Your Dragon,2010,"A hapless young Viking who aspires to hunt dragons becomes the unlikely friend of a young dragon himself, and learns there may be more to the creatures than he assumed.","Animation,Action,Adventure",8.1,631959
83,Stalker,1979,A guide leads two men through an area known as the Zone to find a room that grants wishes.,"Drama,Sci-Fi",8.2,104064
84,Life Is Beautiful,1997,"When an open-minded Jewish librarian and his son become victims of the Holocaust, he uses a perfect mixture of will, humor, and imagination to protect his son from the dangers around their camp.","Comedy,Drama,Romance",8.6,579050
85,Witness for the Prosecution,1957,A veteran British barrister must defend his client in a murder trial that has surprise after surprise.,"Crime,Drama,Film-Noir",8.4,98105
86,For a Few Dollars More,1965,Two bounty hunters with the same intentions team up to track down a Western outlaw.,Western,8.3,216411
87,Gran Torino,2008,"Disgruntled Korean War veteran Walt Kowalski sets out to reform his neighbor, Thao Lor, a Hmong teenager who tried to steal Kowalski's prized possession: a 1972 Gran Torino.",Drama,8.1,688557
88,Once Upon a Time in America,1984,"A former Prohibition-era Jewish gangster returns to the Lower East Side of Manhattan over thirty years later, where he once again must confront the ghosts and regrets of his old life.","Crime,Drama",8.4,290091
89,WALL·E,2008,"In the distant future, a small waste-collecting robot inadvertently embarks on a space journey that will ultimately decide the fate of mankind.","Animation,Adventure,Family",8.4,942499
90,Incendies,2010,Twins journey to the Middle East to discover their family history and fulfill their mother's last wishes.,"Drama,Mystery,War",8.3,131921
91,The Truman Show,1998,An insurance salesman discovers his whole life is actually a reality TV show.,"Comedy,Drama,Sci-Fi",8.1,871987
92,The Hunt,2012,"A teacher lives a lonely life, all the while struggling over his son's custody. His life slowly gets better as he finds love and receives good news from his son, but his new luck is about to be brutally shattered by an innocent little lie.",Drama,8.3,255311
93,3 Idiots,2009,"Two friends are searching for their long lost companion. They revisit their college days and recall the memories of their friend who inspired them to think differently, even as the rest of the world called them ""idiots"".","Comedy,Drama",8.4,315314
94,The Prestige,2006,"After a tragic accident, two stage magicians engage in a battle to create the ultimate illusion while sacrificing everything they have to outwit each other.","Drama,Mystery,Sci-Fi",8.5,1108697
95,Joker,2019,"In Gotham City, mentally troubled comedian Arthur Fleck is disregarded and mistreated by society. He then embarks on a downward spiral of revolution and bloody crime. This path brings him face-to-face with his alter-ego: the Joker.","Crime,Drama,Thriller",8.6,644951
96,The Godfather,1972,The aging patriarch of an organized crime dynasty transfers control of his clandestine empire to his reluctant son.,"Crime,Drama",9.2,1505774
97,The Matrix,1999,A computer hacker learns from mysterious rebels about the true nature of his reality and his role in the war against its controllers.,"Action,Sci-Fi",8.7,1573755
98,Metropolis,1927,"In a futuristic city sharply divided between the working class and the city planners, the son of the city's mastermind falls in love with a working class prophet who predicts the coming of a savior to mediate their differences.","Drama,Sci-Fi",8.3,150179
99,The Lion King,1994,"A Lion cub crown prince is tricked by a treacherous uncle into thinking he caused his father's death and flees into exile in despair, only to learn in adulthood his identity and his responsibilities.","Animation,Adventure,Drama",8.5,883551
100,Heat,1995,A group of professional bank robbers start to feel the heat from police when they unknowingly leave a clue at their latest heist.,"Crime,Drama,Thriller",8.2,542359
101,Amadeus,1984,"The life, success and troubles of","Biography,Drama,History",8.3,349225
102,Chinatown,1974,"A private detective hired to expose an adulterer finds himself caught up in a web of deceit, corruption, and murder.","Drama,Mystery,Thriller",8.2,275752
103,Singin' in the Rain,1952,A silent film production company and cast make a difficult transition to sound.,"Comedy,Musical,Romance",8.3,205079
104,Amélie,2001,"Amélie is an innocent and naive girl in Paris with her own sense of justice. She decides to help those around her and, along the way, discovers love.","Comedy,Romance",8.3,671456
105,L.A. Confidential,1997,"As corruption grows in 1950s Los Angeles, three policemen -- one strait-laced, one brutal, and one sleazy -- investigate a series of murders with their own brand of justice.","Crime,Drama,Mystery",8.2,507354
106,American Beauty,1999,A sexually frustrated suburban father has a mid-life crisis after becoming infatuated with his daughter's best friend.,Drama,8.3,1019418
107,Wild Tales,2014,Six short stories that explore the extremities of human behavior involving people in distress.,"Comedy,Drama,Thriller",8.1,159569
108,Spider-Man: Into the Spider-Verse,2018,"Teen Miles Morales becomes Spider-Man of his reality, crossing his path with five counterparts from other dimensions to stop a threat for all realities.","Animation,Action,Adventure",8.4,292703
109,Rebecca,1940,A self-conscious woman juggles adjusting to her new role as an aristocrat's wife and avoiding being intimidated by his first wife's spectral presence.,"Drama,Mystery,Romance",8.1,114572
110,Mary and Max,2009,"A tale of friendship between two unlikely pen pals: Mary, a lonely, eight-year-old girl living in the suburbs of Melbourne, and Max, a forty-four-year old, severely obese man living in New York.","Animation,Comedy,Drama",8.1,155817
111,"Paris, Texas",1984,"Travis Henderson, an aimless drifter who has been missing for four years, wanders out of the desert and must reconnect with society, himself, his life, and his family.",Drama,8.1,79660
112,Coco,2017,"Aspiring musician Miguel, confronted with his family's ancestral ban on music, enters the Land of the Dead to find his great-great-grandfather, a legendary singer.","Animation,Adventure,Family",8.4,318148
113,The Secret in Their Eyes,2009,A retired legal counselor writes a novel hoping to find closure for one of his past unresolved homicide cases and for his unreciprocated love with his superior - both of which still haunt him decades later.,"Drama,Mystery,Romance",8.2,179464
114,The Sixth Sense,1999,A boy who communicates with spirits seeks the help of a disheartened child psychologist.,"Drama,Mystery,Thriller",8.1,869568
115,Goodfellas,1990,"The story of Henry Hill and his life in the mob, covering his relationship with his wife Karen Hill and his mob partners Jimmy Conway and Tommy DeVito in the Italian-American crime syndicate.","Biography,Crime,Drama",8.7,950268
116,Hotel Rwanda,2004,Paul Rusesabagina was a hotel manager who housed over a thousand Tutsi refugees during their struggle against the Hutu militia in Rwanda.,"Biography,Drama,History",8.1,321094
117,The Lord of the Rings: The Return of the King,2003,Gandalf and Aragorn lead the World of Men against Sauron's army to draw his gaze from Frodo and Sam as they approach Mount Doom with the One Ring.,"Adventure,Drama,Fantasy",8.9,1554837
118,Platoon,1986,A young soldier in Vietnam faces a moral crisis when confronted with the horrors of war and the duality of man.,"Drama,War",8.1,362482
119,Castle in the Sky,1986,A young boy and a girl with a magic crystal must race against pirates and foreign agents in a search for a legendary floating castle.,"Animation,Adventure,Drama",8.0,133729
120,Full Metal Jacket,1987,A pragmatic U.S. Marine observes the dehumanizing effects the Vietnam War has on his fellow recruits from their brutal boot camp training to the bloody street fighting in Hue.,"Drama,War",8.3,634672
121,In the Name of the Father,1993,A man's coerced confession to an IRA bombing he did not commit results in the imprisonment of his father as well. An English lawyer fights to free them.,"Biography,Drama",8.1,146601
122,Klaus,2019,"A simple act of kindness always sparks another, even in a frozen, faraway place. When Smeerensburg's new postman, Jesper, befriends toymaker Klaus, their gifts melt an age-old feud and deliver a sleigh full of holiday traditions.","Animation,Adventure,Comedy",8.2,52541
123,Dangal,2016,Former wrestler,"Action,Biography,Drama",8.4,135013
124,The Treasure of the Sierra Madre,1948,Two Americans searching for work in Mexico convince an old prospector to help them mine for gold in the Sierra Madre Mountains.,"Adventure,Drama,Western",8.2,107295
125,Terminator 2: Judgment Day,1991,"A cyborg, identical to the one who failed to kill Sarah Connor, must now protect her teenage son, John Connor, from a more advanced and powerful cyborg.","Action,Sci-Fi",8.5,945898
126,Das Boot,1981,"The claustrophobic world of a WWII German U-boat; boredom, filth and sheer terror.","Adventure,Drama,Thriller",8.3,218458
127,Gone Girl,2014,"With his wife's disappearance having become the focus of an intense media circus, a man sees the spotlight turned on him when it's suspected that he may not be innocent.","Drama,Mystery,Thriller",8.1,795644
128,Marriage Story,2019,Noah Baumbach's incisive and compassionate look at a marriage breaking up and a family staying together.,"Comedy,Drama,Romance",8.1,148081
129,Downfall,2004,"Traudl Junge, the final secretary for Adolf Hitler, tells of the Nazi dictator's final days in his Berlin bunker at the end of WWII.","Biography,Drama,History",8.2,314981
130,Neon Genesis Evangelion: The End of Evangelion,1997,Concurrent theatrical ending of the TV series,"Animation,Action,Drama",8.1,32521
131,Psycho,1960,"A Phoenix secretary embezzles forty thousand dollars from her employer's client, goes on the run, and checks into a remote motel run by a young man under the domination of his mother.","Horror,Mystery,Thriller",8.5,562157
132,Dr. Strangelove or: How I Learned to Stop Worrying and Love the Bomb,1964,An insane general triggers a path to nuclear holocaust that a War Room full of politicians and generals frantically tries to stop.,Comedy,8.4,427841
133,Some Like It Hot,1959,"When two male musicians witness a mob hit, they flee the state in an all-female band disguised as women, but further complications set in.","Comedy,Music,Romance",8.2,229267
134,The Third Man,1949,"Pulp novelist Holly Martins travels to shadowy, postwar Vienna, only to find himself investigating the mysterious death of an old friend, Harry Lime.","Film-Noir,Mystery,Thriller",8.1,150140
135,The Silence of the Lambs,1991,"A young F.B.I. cadet must receive the help of an incarcerated and manipulative cannibal killer to help catch another serial killer, a madman who skins his victims.","Crime,Drama,Thriller",8.6,1185564
136,"Lock, Stock and Two Smoking Barrels",1998,"A botched card game in London triggers four friends, thugs, weed-growers, hard gangsters, loan sharks and debt collectors to collide with each other in a series of unexpected events, all for the sake of weed, cash and two antique shotguns.","Comedy,Crime",8.2,507574
137,The Wolf of Wall Street,2013,Based on the true story of,"Biography,Crime,Drama",8.2,1086263
138,Howl's Moving Castle,2004,"When an unconfident young woman is cursed with an old body by a spiteful witch, her only chance of breaking the spell lies with a self-indulgent yet insecure young wizard and his companions in his legged, walking castle.","Animation,Adventure,Family",8.2,295846
139,Rang De Basanti,2006,"The story of six young Indians who assist an English woman to film a documentary on the freedom fighters from their past, and the events that lead them to relive the long-forgotten saga of freedom.","Comedy,Drama",8.2,104246
140,Dead Poets Society,1989,English teacher John Keating inspires his students to look at poetry with a different perspective of authentic knowledge and feelings.,"Comedy,Drama",8.1,389872
141,Spirited Away,2001,"During her family's move to the suburbs, a sullen 10-year-old girl wanders into a world ruled by gods, witches, and spirits, and where humans are changed into beasts.","Animation,Adventure,Family",8.6,585421
142,Memento,2000,A man with short-term memory loss attempts to track down his wife's murderer.,"Mystery,Thriller",8.4,1063151
143,Mr. Smith Goes to Washington,1939,"A naive man is appointed to fill a vacancy in the United States Senate. His plans promptly collide with political corruption, but he doesn't back down.","Comedy,Drama",8.1,101157
144,The Pianist,2002,A Polish Jewish musician struggles to survive the destruction of the Warsaw ghetto of World War II.,"Biography,Drama,Music",8.5,674989
145,Interstellar,2014,A team of explorers travel through a wormhole in space in an attempt to ensure humanity's survival.,"Adventure,Drama,Sci-Fi",8.6,1370777
146,Butch Cassidy and the Sundance Kid,1969,"Wyoming, early 1900s. Butch Cassidy and The Sundance Kid are the leaders of a band of outlaws. After a train robbery goes wrong they find themselves on the run with a posse hard on their heels. Their solution - escape to Bolivia.","Biography,Crime,Drama",8.0,193305
147,Hacksaw Ridge,2016,World War II American Army Medic,"Biography,Drama,History",8.1,392476
148,The Elephant Man,1980,"A Victorian surgeon rescues a heavily disfigured man who is mistreated while scraping a living as a side-show freak. Behind his monstrous façade, there is revealed a person of kindness, intelligence and sophistication.","Biography,Drama",8.1,206715
149,It's a Wonderful Life,1946,An angel is sent from Heaven to help a desperately frustrated businessman by showing him what life would have been like if he had never existed.,"Drama,Family,Fantasy",8.6,375205
150,The Princess Bride,1987,"While home sick in bed, a young boy's grandfather reads him the story of a farmboy-turned-pirate who encounters numerous obstacles, enemies and allies in his quest to be reunited with his true love.","Adventure,Family,Fantasy",8.1,372108
151,Spotlight,2015,"The true story of how the Boston Globe uncovered the massive scandal of child molestation and cover-up within the local Catholic Archdiocese, shaking the entire Catholic Church to its core.","Biography,Crime,Drama",8.1,385378
152,Swades,2004,A successful Indian scientist returns to an Indian village to take his nanny to America with him and in the process rediscovers his roots.,Drama,8.2,77583
153,The Passion of Joan of Arc,1928,"In 1431, Jeanne d'Arc is placed on trial on charges of heresy. The ecclesiastical jurists attempt to force Jeanne to recant her claims of holy visions.","Biography,Drama,History",8.1,42929
154,Indiana Jones and the Last Crusade,1989,"In 1938, after his father Professor Henry Jones, Sr. goes missing while pursuing the Holy Grail, Professor Henry ""Indiana"" Jones, Jr. finds himself up against","Action,Adventure",8.2,655978
155,Room,2015,"Held captive for 7 years in an enclosed space, a woman and her young son finally gain their freedom, allowing the boy to experience the outside world for the first time.","Drama,Thriller",8.1,335981
156,Oldboy,2003,"After being kidnapped and imprisoned for fifteen years, Oh Dae-Su is released, only to find that he must find his captor in five days.","Action,Drama,Mystery",8.4,479051
157,Fight Club,1999,"An insomniac office worker and a devil-may-care soapmaker form an underground fight club that evolves into something much, much more.",Drama,8.8,1745822
158,Cinema Paradiso,1988,A filmmaker recalls his childhood when falling in love with the pictures at the cinema of his home village and forms a deep friendship with the cinema's projectionist.,Drama,8.5,211476
159,The Green Mile,1999,"The lives of guards on Death Row are affected by one of their charges: a black man accused of child murder and rape, yet who has a mysterious gift.","Crime,Drama,Fantasy",8.6,1065565
160,Rocky,1976,A small-time boxer gets a supremely rare chance to fight a heavy-weight champion in a bout in which he strives to go the distance for his self-respect.,"Drama,Sport",8.1,489960
161,"Monsters, Inc.",2001,"In order to power the city, monsters have to scare children so that they scream. However, the children are toxic to the monsters, and after a child gets through, 2 monsters realize things may not be what they think.","Animation,Adventure,Comedy",8.0,769474
162,Million Dollar Baby,2004,A determined woman works with a hardened boxing trainer to become a professional.,"Drama,Sport",8.1,603881
163,Up,2009,"78-year-old Carl Fredricksen travels to Paradise Falls in his house equipped with balloons, inadvertently taking a young stowaway.","Animation,Adventure,Comedy",8.2,880291
164,Monty Python and the Holy Grail,1975,"King Arthur and his Knights of the Round Table embark on a surreal, low-budget search for the Holy Grail, encountering many, very silly obstacles.","Adventure,Comedy,Fantasy",8.2,477063
165,Good Will Hunting,1997,"Will Hunting, a janitor at M.I.T., has a gift for mathematics, but needs help from a psychologist to find direction in his life.","Drama,Romance",8.3,801443
166,Star Wars: Episode V - The Empire Strikes Back,1980,"After the Rebels are brutally overpowered by the Empire on the ice planet Hoth, Luke Skywalker begins Jedi training with Yoda, while his friends are pursued by Darth Vader and a bounty hunter named Boba Fett all over the galaxy.","Action,Adventure,Fantasy",8.7,1097819
167,Inception,2010,A thief who steals corporate secrets through the use of dream-sharing technology is given the inverse task of planting an idea into the mind of a C.E.O.,"Action,Adventure,Sci-Fi",8.8,1917472
168,"Three Billboards Outside Ebbing, Missouri",2017,A mother personally challenges the local authorities to solve her daughter's murder when they fail to catch the culprit.,"Comedy,Crime,Drama",8.2,379461
169,Die Hard,1988,An NYPD officer tries to save his wife and several others taken hostage by German terrorists during a Christmas party at the Nakatomi Plaza in Los Angeles.,"Action,Thriller",8.2,747333
170,Scarface,1983,"In 1980 Miami, a determined Cuban immigrant takes over a drug cartel and succumbs to greed.","Crime,Drama",8.3,692169
171,The General,1926,"When Union spies steal an engineer's beloved locomotive, he pursues it single-handedly and straight through enemy lines.","Action,Adventure,Comedy",8.1,74777
172,Rashomon,1950,"The rape of a bride and the murder of her samurai husband are recalled from the perspectives of a bandit, the bride, the samurai's ghost and a woodcutter.","Crime,Drama,Mystery",8.2,141330
173,Pulp Fiction,1994,"The lives of two mob hitmen, a boxer, a gangster and his wife, and a pair of diner bandits intertwine in four tales of violence and redemption.","Crime,Drama",8.9,1717119
174,1917,2019,"April 6th 1917. As a regiment assembles to wage war deep in enemy territory, two soldiers are assigned to race against time and deliver a message, that will stop 1,600 men, from walking straight into a deadly trap.","Drama,War",8.5,124602
175,Se7en,1995,"Two detectives, a rookie and a veteran, hunt a serial killer who uses the seven deadly sins as his motives.","Crime,Drama,Mystery",8.6,1345579
176,The Lives of Others,2006,"In 1984 East Berlin, an agent of the secret police, conducting surveillance on a writer and his lover, finds himself becoming increasingly absorbed by their lives.","Drama,Mystery,Thriller",8.4,336041
177,City Lights,1931,"With the aid of a wealthy erratic tippler, a dewy-eyed tramp who has fallen in love with a sightless flower girl accumulates money to be able to help her medically.","Comedy,Drama,Romance",8.5,154896
178,My Father and My Son,2005,The family of a left-wing journalist is torn apart after a military coup in 1980's Turkey.,"Drama,Family",8.3,71963
179,Léon: The Professional,1994,"Mathilda, a 12-year-old girl, is reluctantly taken in by Léon, a professional assassin, after her family is murdered. An unusual relationship forms as she becomes his protégée and learns the assassin's trade.","Action,Crime,Drama",8.5,968193
180,V for Vendetta,2005,"In a future British tyranny, a shadowy freedom fighter, known only by the alias of ""V"", plots to overthrow it with the help of a young woman.","Action,Drama,Sci-Fi",8.2,979613
181,Green Book,2018,A working-class Italian-American bouncer becomes the driver of an African-American classical pianist on a tour of venues through the 1960s American South.,"Biography,Comedy,Drama",8.2,284835
182,Warrior,2011,"The youngest son of an alcoholic former boxer returns home, where he's trained by his father for competition in a mixed martial arts tournament - a path that puts the fighter on a collision course with his estranged, older brother.","Drama,Sport",8.2,414710
183,On the Waterfront,1954,An ex-prize fighter turned longshoreman struggles to stand up to his corrupt union bosses.,"Crime,Drama,Thriller",8.1,133213
184,Rush,2013,The merciless 1970s rivalry between Formula One rivals,"Biography,Drama,Sport",8.1,407437
185,Sherlock Jr.,1924,"A film projectionist longs to be a detective, and puts his meagre skills to work when he is framed by a rival for stealing his girlfriend's father's pocketwatch.","Action,Comedy,Romance",8.2,36072
186,Double Indemnity,1944,An insurance representative lets himself be talked by a seductive housewife into a murder/insurance fraud scheme that arouses the suspicion of an insurance investigator.,"Crime,Drama,Film-Noir",8.3,133582
187,White Heat,1949,A psychopathic criminal with a mother complex makes a daring break from prison and leads his old gang in a chemical plant payroll heist.,"Action,Crime,Drama",8.2,26965
188,The Godfather: Part II,1974,"The early life and career of Vito Corleone in 1920s New York City is portrayed, while his son, Michael, expands and tightens his grip on the family crime syndicate.","Crime,Drama",9.0,1054511
189,Aliens,1986,"Ellen Ripley is rescued by a deep salvage team after being in hypersleep for 57 years. The moon that the Nostromo visited has been colonized, but contact is lost. This time, colonial marines have impressive firepower, but will that be enough?","Action,Adventure,Sci-Fi",8.3,620757
190,The Handmaiden,2016,"A woman is hired as a handmaiden to a Japanese heiress, but secretly she is involved in a plot to defraud her.","Drama,Romance,Thriller",8.1,90539
191,Lagaan: Once Upon a Time in India,2001,The people of a small village in Victorian India stake their future on a game of cricket against their ruthless British rulers.,"Adventure,Drama,Musical",8.1,97191
192,The Invisible Guest,2016,A successful entrepreneur accused of murder and a witness preparation expert have less than three hours to come up with an impregnable defence.,"Crime,Mystery,Thriller",8.1,99605
193,Star Wars: Episode VI - Return of the Jedi,1983,"After a daring mission to rescue Han Solo from Jabba the Hutt, the Rebels dispatch to Endor to destroy the second Death Star. Meanwhile, Luke struggles to help Darth Vader back from the dark side without falling into the Emperor's trap.","Action,Adventure,Fantasy",8.3,900264
194,Finding Nemo,2003,"After his son is captured in the Great Barrier Reef and taken to Sydney, a timid clownfish sets out on a journey to bring him home.","Animation,Adventure,Comedy",8.1,899801
195,Judgment at Nuremberg,1961,"In 1948, an American court in occupied Germany tries four Nazis judged for war crimes.","Drama,War",8.2,64407
196,Reservoir Dogs,1992,"When a simple jewelry heist goes horribly wrong, the surviving criminals begin to suspect that one of them is a police informant.","Crime,Drama,Thriller",8.3,864790
197,Cool Hand Luke,1967,"A laid back Southern man is sentenced to two years in a rural prison, but refuses to conform.","Crime,Drama",8.1,153471
198,The Bridge on the River Kwai,1957,"British POWs build a railway bridge across the river Kwai for their Japanese captors, oblivious of the Allies' plans to destroy it.","Adventure,Drama,War",8.1,192112
199,Raging Bull,1980,The life of boxer,"Biography,Drama,Sport",8.2,301445
200,Toy Story,1995,A cowboy doll is profoundly threatened and jealous when a new spaceman figure supplants him as top toy in a boy's room.,"Animation,Adventure,Comedy",8.3,833839
201,The Shining,1980,"A family heads to an isolated hotel for the winter where a sinister presence influences the father into violence, while his psychic son sees horrific forebodings from both past and future.","Drama,Horror",8.4,830880
202,Nausicaä of the Valley of the Wind,1984,Warrior and pacifist Princess Nausicaä desperately struggles to prevent two warring nations from destroying themselves and their dying planet.,"Animation,Adventure,Fantasy",8.1,133712
203,Princess Mononoke,1997,"On a journey to find the cure for a Tatarigami's curse, Ashitaka finds himself in the middle of a war between the forest gods and Tatara, a mining colony. In this quest he also meets San, the Mononoke Hime.","Animation,Adventure,Fantasy",8.4,308394
204,There Will Be Blood,2007,"A story of family, religion, hatred, oil and madness, focusing on a turn-of-the-century prospector in the early days of the business.",Drama,8.2,481393
205,Rear Window,1954,A wheelchair-bound photographer spies on his neighbors from his apartment window and becomes convinced one of them has committed murder.,"Mystery,Thriller",8.4,415249
206,2001: A Space Odyssey,1968,"After discovering a mysterious artifact buried beneath the Lunar surface, mankind sets off on a quest to find its origins with help from intelligent supercomputer H.A.L. 9000.","Adventure,Sci-Fi",8.3,565349
207,12 Angry Men,1957,A jury holdout attempts to prevent a miscarriage of justice by forcing his colleagues to reconsider the evidence.,Drama,8.9,636985
208,Barry Lyndon,1975,An Irish rogue wins the heart of a rich widow and assumes her dead husband's aristocratic position in 18th-century England.,"Adventure,Drama,History",8.1,138368
209,Monty Python's Life of Brian,1979,Born on the original Christmas in the stable next door to,Comedy,8.1,346921
210,Shutter Island,2010,"In 1954, a U.S. Marshal investigates the disappearance of a murderer who escaped from a hospital for the criminally insane.","Mystery,Thriller",8.1,1049797
211,The 400 Blows,1959,"A young boy, left without attention, delves into a life of petty crime.","Crime,Drama",8.1,96378
212,Like Stars on Earth,2007,"An eight-year-old boy is thought to be a lazy trouble-maker, until the new art teacher has the patience and compassion to discover the real problem behind his struggles in school.","Drama,Family",8.4,151322
213,PK,2014,An alien on Earth loses the only device he can use to communicate with his spaceship. His innocent nature and child-like questions force the country to evaluate the impact of religion on its people.,"Comedy,Drama,Fantasy",8.1,146618
214,Gone with the Wind,1939,A manipulative woman and a roguish man conduct a turbulent romance during the American Civil War and Reconstruction periods.,"Drama,History,Romance",8.1,272704
215,The Red Shoes,1948,A young ballet dancer is torn between the man she loves and her pursuit to become a prima ballerina.,"Drama,Music,Romance",8.2,27229
216,Taxi Driver,1976,"A mentally unstable veteran works as a nighttime taxi driver in New York City, where the perceived decadence and sleaze fuels his urge for violent action by attempting to liberate a presidential campaign worker and an underage prostitute.","Crime,Drama",8.3,672453
217,Ben-Hur,1959,"When a Jewish prince is betrayed and sent into slavery by a Roman friend, he regains his freedom and comes back for revenge.","Adventure,Drama,History",8.1,207805
218,Star Wars: Episode IV - A New Hope,1977,"Luke Skywalker joins forces with a Jedi Knight, a cocky pilot, a Wookiee and two droids to save the galaxy from the Empire's world-destroying battle station, while also attempting to rescue Princess Leia from the mysterious Darth Vader.","Action,Adventure,Fantasy",8.6,1170043
219,Ace in the Hole,1951,"A frustrated former big-city journalist now stuck working for an Albuquerque newspaper exploits a story about a man trapped in a cave to rekindle his career, but the situation quickly escalates into an out-of-control circus.","Drama,Film-Noir",8.2,27111
220,Sunset Blvd.,1950,A screenwriter develops a dangerous relationship with a faded film star determined to make a triumphant return.,"Drama,Film-Noir",8.4,187109
221,North by Northwest,1959,A New York City advertising executive goes on the run after being mistaken for a government agent by a group of foreign spies.,"Adventure,Mystery,Thriller",8.3,281532
222,Gladiator,2000,A former Roman General sets out to exact vengeance against the corrupt emperor who murdered his family and sent him into slavery.,"Action,Adventure,Drama",8.5,1261929
223,A Clockwork Orange,1971,"In the future, a sadistic gang leader is imprisoned and volunteers for a conduct-aversion experiment, but it doesn't go as planned.","Crime,Drama,Sci-Fi",8.3,715586
224,Tokyo Story,1953,"An old couple visit their children and grandchildren in the city, but receive little attention.",Drama,8.2,46595
225,To Kill a Mockingbird,1962,"Atticus Finch, a lawyer in the Depression-era South, defends a black man against an undeserved rape charge, and his children against prejudice.","Crime,Drama",8.3,280756
226,Back to the Future,1985,"Marty McFly, a 17-year-old high school student, is accidentally sent thirty years into the past in a time-traveling DeLorean invented by his close friend, the eccentric scientist Doc Brown.","Adventure,Comedy,Sci-Fi",8.5,978160
227,Paths of Glory,1957,"After refusing to attack an enemy position, a general accuses the soldiers of cowardice and their commanding officer must defend them.","Drama,War",8.4,163977
228,Seven Samurai,1954,A poor village under attack by bandits recruits seven unemployed samurai to help them defend themselves.,"Action,Adventure,Drama",8.6,295878
229,A Beautiful Mind,2001,After,"Biography,Drama",8.2,799047
230,American History X,1998,A former neo-nazi skinhead tries to prevent his younger brother from going down the same wrong path that he did.,Drama,8.5,983976
231,Akira,1988,A secret military project endangers Neo-Tokyo when it turns a biker gang member into a rampaging psychic psychopath who can only be stopped by two teenagers and a group of psychics.,"Animation,Action,Drama",8.0,149948
232,High and Low,1963,An executive of a shoe company becomes a victim of extortion when his chauffeur's son is kidnapped and held for ransom.,"Crime,Drama,Mystery",8.5,25606
233,Toy Story 3,2010,"The toys are mistakenly delivered to a day-care center instead of the attic right before Andy leaves for college, and it's up to Woody to convince the other toys that they weren't abandoned and to return home.","Animation,Adventure,Comedy",8.3,715924
234,Come and See,1985,"After finding an old rifle, a young boy joins the Soviet resistance movement against ruthless German forces and experiences the horrors of World War II.","Drama,War",8.3,47336
235,Before Sunrise,1995,"A young man and woman meet on a train in Europe, and wind up spending one evening together in Vienna. Unfortunately, both know that this will probably be their only night together.","Drama,Romance",8.1,248668
236,Casablanca,1942,A cynical American expatriate struggles to decide whether or not he should help his former lover and her fugitive husband escape French Morocco.,"Drama,Romance,War",8.5,492830
237,Persona,1966,A nurse is put in charge of a mute actress and finds that their personae are melding together.,"Drama,Thriller",8.1,91954
238,Andhadhun,2018,"A series of mysterious events changes the life of a blind pianist, who must now report a crime that he should technically know nothing of.","Crime,Thriller",8.3,55070
239,Yojimbo,1961,A crafty ronin comes to a town divided by two criminal gangs and decides to play them against each other to free the town.,"Action,Drama,Thriller",8.2,102491
240,Forrest Gump,1994,"The presidencies of Kennedy and Johnson, the events of Vietnam, Watergate, and other history unfold through the perspective of an Alabama man with an IQ of 75.","Drama,Romance",8.8,1685411
241,Grave of the Fireflies,1988,A young boy and his little sister struggle to survive in Japan during World War II.,"Animation,Drama,War",8.5,210169
242,Lawrence of Arabia,1962,The story of,"Adventure,Biography,Drama",8.3,251884
243,The Terminator,1984,"In 1984, a human soldier is tasked to stop an indestructible cyborg killing machine, both sent from 2029, from executing a young woman, whose unborn son is the key to humanity's future salvation.","Action,Sci-Fi",8.0,760673
244,Apocalypse Now,1979,A U.S. Army officer serving in Vietnam is tasked with assassinating a renegade Special Forces Colonel who sees himself as a god.,"Drama,Mystery,War",8.4,570076
245,Requiem for a Dream,2000,The drug-induced utopias of four Coney Island people are shattered when their addictions run deep.,Drama,8.3,724340
246,Amores Perros,2000,"A horrific car accident connects three stories, each involving characters dealing with loss, regret, and life's harsh realities, all in the name of love.","Drama,Thriller",8.1,212445
247,The Usual Suspects,1995,"A sole survivor tells of the twisty events leading up to a horrific gun battle on a boat, which began when five criminals met at a seemingly random police lineup.","Crime,Mystery,Thriller",8.5,937878
248,The Thing,1982,A research team in Antarctica is hunted by a shape-shifting alien that assumes the appearance of its victims.,"Horror,Mystery,Sci-Fi",8.1,346368
249,One Flew Over the Cuckoo's Nest,1975,"A criminal pleads insanity and is admitted to a mental institution, where he rebels against the oppressive nurse and rallies up the scared patients.",Drama,8.7,862072
